<?xml version="1.0"?>
<game_state>
	<assetsManager />
	<input />
	<window>
		<fullscreen is="false" />
	</window>
	<textures />
	<audio>
		<volume music="0" fx="0" />
	</audio>
	<:anonymous />
	<AI />
	<map />
	<Player>
		<resource caps="500" food="250" water="500" />
	</Player>
	<pathfinding />
	<fonts />
	<scene>
		<modules map="wasteland_up_left.tmx" />
		<randomfaction value="1" />
		<modules map="oldstone_up_right.tmx" />
		<randomfaction value="3" />
		<modules map="grassland_low_left.tmx" />
		<randomfaction value="0" />
		<modules map="oldstone_low_right.tmx" />
		<randomfaction value="2" />
	</scene>
	<entities>
		<player player_faction="brotherhood" />
		<entity number="0" type="base" faction="supermutant" position_x="0" position_y="160" current_tile_x="5" current_tile_y="5" current_health="2000" level="0" level_gatherer_resource_limit="0" level_base_resource_limit="0" />
		<entity number="1" type="barrack 2" faction="supermutant" position_x="320" position_y="320" current_tile_x="15" current_tile_y="5" current_health="1000" level="0" level_units_damage="0" level_units_speed="0" />
		<entity number="2" type="braham" faction="no_faction" position_x="-192" position_y="336" current_tile_x="6" current_tile_y="13" current_health="150" />
		<entity number="3" type="laboratory" faction="supermutant" position_x="-384" position_y="384" current_tile_x="6" current_tile_y="18" current_health="1500" level="0" level_units_health="0" level_units_creation_time="0" />
		<entity number="4" type="melee" faction="supermutant" position_x="384" position_y="432" current_tile_x="18" current_tile_y="7" current_health="150" />
		<entity number="5" type="barrack 1" faction="supermutant" position_x="576" position_y="480" current_tile_x="24" current_tile_y="6" current_health="1000" level="0" level_units_damage="0" level_units_speed="0" />
		<entity number="6" type="ranged" faction="supermutant" position_x="-288" position_y="512" current_tile_x="10" current_tile_y="20" current_health="150" />
		<entity number="7" type="melee" faction="supermutant" position_x="640" position_y="592" current_tile_x="27" current_tile_y="8" current_health="150" />
		<entity number="8" type="gatherer" resource_collected="60" faction="supermutant" position_x="824.199707" position_y="686.579651" current_tile_x="33" current_tile_y="8" current_health="120" />
		<entity number="9" type="bighorner" faction="no_faction" position_x="-352" position_y="1344" current_tile_x="35" current_tile_y="47" current_health="300" />
		<entity number="10" type="braham" faction="no_faction" position_x="-1824" position_y="1600" current_tile_x="20" current_tile_y="78" current_health="150" />
		<entity number="11" type="gatherer" resource_collected="0" faction="ghoul" position_x="-3437.64063" position_y="1945.17969" current_tile_x="6" current_tile_y="114" current_health="90" />
		<entity number="12" type="laboratory" faction="ghoul" position_x="-3904" position_y="2080" current_tile_x="4" current_tile_y="126" current_health="1500" level="0" level_units_health="0" level_units_creation_time="0" />
		<entity number="13" type="barrack 1" faction="brotherhood" position_x="3680" position_y="2128" current_tile_x="124" current_tile_y="9" current_health="1000" level="0" level_units_damage="0" level_units_speed="0" />
		<entity number="14" type="base" faction="ghoul" position_x="-4128" position_y="2256" current_tile_x="6" current_tile_y="135" current_health="2000" level="0" level_gatherer_resource_limit="0" level_base_resource_limit="0" />
		<entity number="15" type="barrack 2" faction="brotherhood" position_x="3968" position_y="2272" current_tile_x="133" current_tile_y="9" current_health="1000" level="0" level_units_damage="0" level_units_speed="0" />
		<entity number="16" type="ranged" faction="ghoul" position_x="-3872" position_y="2272" current_tile_x="9" current_tile_y="131" current_health="100" />
		<entity number="17" type="base" faction="brotherhood" position_x="4096" position_y="2336" current_tile_x="137" current_tile_y="9" current_health="2000" level="0" level_gatherer_resource_limit="0" level_base_resource_limit="0" />
		<entity number="18" type="braham" faction="no_faction" position_x="-3872" position_y="2336" current_tile_x="11" current_tile_y="133" current_health="150" />
		<entity number="19" type="melee" faction="brotherhood" position_x="3776" position_y="2352" current_tile_x="131" current_tile_y="14" current_health="200" />
		<entity number="20" type="melee" faction="brotherhood" position_x="3808" position_y="2400" current_tile_x="133" current_tile_y="15" current_health="200" />
		<entity number="21" type="braham" faction="no_faction" position_x="3840" position_y="2416" current_tile_x="134" current_tile_y="15" current_health="150" />
		<entity number="22" type="barrack 2" faction="ghoul" position_x="-3840" position_y="2432" current_tile_x="16" current_tile_y="136" current_health="1000" level="0" level_units_damage="0" level_units_speed="0" />
		<entity number="23" type="gatherer" resource_collected="0" faction="brotherhood" position_x="3872" position_y="2432" current_tile_x="135" current_tile_y="15" current_health="180" />
		<entity number="24" type="laboratory" faction="brotherhood" position_x="3712" position_y="2528" current_tile_x="137" current_tile_y="21" current_health="1500" level="0" level_units_health="0" level_units_creation_time="0" />
		<entity number="25" type="melee" faction="ghoul" position_x="-3776" position_y="2544" current_tile_x="19" current_tile_y="138" current_health="100" />
		<entity number="26" type="barrack 1" faction="ghoul" position_x="-3584" position_y="2560" current_tile_x="24" current_tile_y="136" current_health="1000" level="0" level_units_damage="0" level_units_speed="0" />
		<entity number="27" type="ranged" faction="brotherhood" position_x="3776" position_y="2640" current_tile_x="140" current_tile_y="23" current_health="200" />
		<entity number="28" type="melee" faction="ghoul" position_x="-3520" position_y="2672" current_tile_x="27" current_tile_y="138" current_health="100" />
		<entity number="29" type="braham" faction="no_faction" position_x="1216" position_y="3312" current_tile_x="121" current_tile_y="84" current_health="150" />
		<entity number="30" type="bighorner" faction="no_faction" position_x="-1120" position_y="3488" current_tile_x="90" current_tile_y="126" current_health="300" />
		<entity number="31" type="gatherer" resource_collected="0" faction="vault" position_x="958.900208" position_y="3934.64917" current_tile_x="136" current_tile_y="107" current_health="120" />
		<entity number="32" type="barrack 1" faction="vault" position_x="-480" position_y="4016" current_tile_x="118" current_tile_y="133" current_health="1000" level="0" level_units_damage="0" level_units_speed="0" />
		<entity number="33" type="laboratory" faction="vault" position_x="416" position_y="4048" current_tile_x="133" current_tile_y="120" current_health="1500" level="0" level_units_health="0" level_units_creation_time="0" />
		<entity number="34" type="barrack 2" faction="vault" position_x="-256" position_y="4160" current_tile_x="126" current_tile_y="134" current_health="1000" level="0" level_units_damage="0" level_units_speed="0" />
		<entity number="35" type="melee" faction="vault" position_x="-448" position_y="4176" current_tile_x="122" current_tile_y="137" current_health="150" />
		<entity number="36" type="base" faction="vault" position_x="32" position_y="4240" current_tile_x="133" current_tile_y="132" current_health="2000" level="0" level_gatherer_resource_limit="0" level_base_resource_limit="0" />
		<entity number="37" type="ranged" faction="vault" position_x="480" position_y="4256" current_tile_x="139" current_tile_y="125" current_health="150" />
		<entity number="38" type="melee" faction="vault" position_x="-224" position_y="4320" current_tile_x="130" current_tile_y="138" current_health="150" />
	</entities>
	<:anonymous />
	<:anonymous />
	<:anonymous />
	<easing_splines />
	<menu_manager />
	<gui />
	<minimap />
	<main_menu />
	<logo_scene />
	<transition />
	<hud>
		<timer seconds="25" minutes="14" />
	</hud>
	<console />
	<cursor />
	<renderer>
		<camera x="-3347" y="-2076" />
	</renderer>
</game_state>
