<?xml version="1.0"?>
<game_state>
	<assetsManager />
	<input />
	<window>
		<fullscreen is="false" />
	</window>
	<textures />
	<audio>
		<volume music="0" fx="0" />
	</audio>
	<:anonymous />
	<AI />
	<map />
	<Player>
		<resource caps="500" food="250" water="500" />
	</Player>
	<pathfinding />
	<fonts />
	<scene>
		<modules map="desert_up_left.tmx" />
		<randomfaction value="1" />
		<modules map="desert_up_right.tmx" />
		<randomfaction value="3" />
		<modules map="grassland_low_left.tmx" />
		<randomfaction value="0" />
		<modules map="wasteland_low_right.tmx" />
		<randomfaction value="2" />
	</scene>
	<entities>
		<player player_faction="vault" />
		<entity number="0" type="base" faction="supermutant" position_x="-64" position_y="192" current_tile_x="5" current_tile_y="7" current_health="1460" level="0" level_gatherer_resource_limit="0" level_base_resource_limit="0" />
		<entity number="1" type="barrack 2" faction="supermutant" position_x="224" position_y="240" current_tile_x="11" current_tile_y="4" current_health="1000" level="0" level_units_damage="0" level_units_speed="0" />
		<entity number="2" type="mr_handy" faction="vault" position_x="124.300026" position_y="256.850342" current_tile_x="8" current_tile_y="6" current_health="900" />
		<entity number="3" type="barrack 1" faction="supermutant" position_x="448" position_y="352" current_tile_x="18" current_tile_y="4" current_health="1000" level="0" level_units_damage="0" level_units_speed="0" />
		<entity number="4" type="laboratory" faction="supermutant" position_x="-384" position_y="352" current_tile_x="5" current_tile_y="17" current_health="1500" level="0" level_units_health="0" level_units_creation_time="0" />
		<entity number="5" type="melee" faction="supermutant" position_x="320" position_y="432" current_tile_x="17" current_tile_y="8" current_health="150" />
		<entity number="6" type="melee" faction="supermutant" position_x="287.279968" position_y="433.479584" current_tile_x="17" current_tile_y="9" current_health="150" />
		<entity number="7" type="melee" faction="supermutant" position_x="352" position_y="448" current_tile_x="18" current_tile_y="8" current_health="150" />
		<entity number="8" type="melee" faction="supermutant" position_x="384" position_y="464" current_tile_x="19" current_tile_y="8" current_health="150" />
		<entity number="9" type="melee" faction="supermutant" position_x="381.120819" position_y="478.799805" current_tile_x="19" current_tile_y="9" current_health="150" />
		<entity number="10" type="melee" faction="supermutant" position_x="416" position_y="480" current_tile_x="20" current_tile_y="8" current_health="150" />
		<entity number="11" type="ranged" faction="supermutant" position_x="-238.480255" position_y="504.759827" current_tile_x="11" current_tile_y="19" current_health="150" />
		<entity number="12" type="ranged" faction="vault" position_x="-954.505188" position_y="984.45343" current_tile_x="14" current_tile_y="45" current_health="150" />
		<entity number="13" type="ranged" faction="vault" position_x="-1052.7074" position_y="1012.35223" current_tile_x="14" current_tile_y="48" current_health="150" />
		<entity number="14" type="ranged" faction="vault" position_x="-1104.20178" position_y="1029.00269" current_tile_x="13" current_tile_y="49" current_health="150" />
		<entity number="15" type="ranged" faction="vault" position_x="-1180.00757" position_y="1036.60156" current_tile_x="12" current_tile_y="50" current_health="150" />
		<entity number="16" type="ranged" faction="vault" position_x="-920.004211" position_y="1054.6062" current_tile_x="17" current_tile_y="47" current_health="150" />
		<entity number="17" type="ranged" faction="vault" position_x="-1275.00317" position_y="1067.30273" current_tile_x="12" current_tile_y="53" current_health="150" />
		<entity number="18" type="ranged" faction="vault" position_x="-1181.30566" position_y="1073.95203" current_tile_x="14" current_tile_y="52" current_health="150" />
		<entity number="19" type="ranged" faction="vault" position_x="-1257.60779" position_y="1106.40393" current_tile_x="13" current_tile_y="54" current_health="150" />
		<entity number="20" type="ranged" faction="vault" position_x="-1335.30847" position_y="1141.45764" current_tile_x="13" current_tile_y="56" current_health="150" />
		<entity number="21" type="ranged" faction="vault" position_x="-1330.30762" position_y="1156.55872" current_tile_x="14" current_tile_y="57" current_health="150" />
		<entity number="22" type="ranged" faction="vault" position_x="-1472.80664" position_y="1181.60901" current_tile_x="12" current_tile_y="60" current_health="150" />
		<entity number="23" type="ranged" faction="vault" position_x="-1413.80701" position_y="1182.70618" current_tile_x="13" current_tile_y="59" current_health="150" />
		<entity number="24" type="ranged" faction="vault" position_x="-1553.60535" position_y="1215.10522" current_tile_x="12" current_tile_y="62" current_health="150" />
		<entity number="25" type="ranged" faction="vault" position_x="-1450.40271" position_y="1216.19653" current_tile_x="14" current_tile_y="60" current_health="150" />
		<entity number="26" type="ranged" faction="vault" position_x="-1248.50537" position_y="1226.85449" current_tile_x="17" current_tile_y="57" current_health="150" />
		<entity number="27" type="ranged" faction="vault" position_x="-1618.50476" position_y="1261.15833" current_tile_x="13" current_tile_y="64" current_health="150" />
		<entity number="28" type="ranged" faction="vault" position_x="-1572.09839" position_y="1270.4552" current_tile_x="14" current_tile_y="64" current_health="150" />
		<entity number="29" type="ranged" faction="vault" position_x="-1683.00635" position_y="1296.70203" current_tile_x="13" current_tile_y="66" current_health="150" />
		<entity number="30" type="ranged" faction="vault" position_x="-1643.50647" position_y="1324.85486" current_tile_x="14" current_tile_y="67" current_health="150" />
		<entity number="31" type="ranged" faction="vault" position_x="-1709.50183" position_y="1359.85498" current_tile_x="14" current_tile_y="69" current_health="150" />
		<entity number="32" type="ranged" faction="vault" position_x="-1577.20581" position_y="1379.20203" current_tile_x="17" current_tile_y="67" current_health="150" />
		<entity number="33" type="ranged" faction="vault" position_x="-1794.10583" position_y="1381.45361" current_tile_x="14" current_tile_y="71" current_health="150" />
		<entity number="34" type="ranged" faction="vault" position_x="-1828.90649" position_y="1419.25525" current_tile_x="14" current_tile_y="72" current_health="150" />
		<entity number="35" type="melee" faction="vault" position_x="-1768.50146" position_y="1448.85767" current_tile_x="16" current_tile_y="72" current_health="150" />
		<entity number="36" type="ranged" faction="vault" position_x="-1852.30286" position_y="1462.65588" current_tile_x="15" current_tile_y="74" current_health="150" />
		<entity number="37" type="ranged" faction="vault" position_x="-1657.89746" position_y="1503.25574" current_tile_x="19" current_tile_y="72" current_health="150" />
		<entity number="38" type="bighorner" faction="no_faction" position_x="1174.6001" position_y="1485.20642" current_tile_x="63" current_tile_y="28" current_health="300" />
		<entity number="39" type="melee" faction="vault" position_x="-1933.70154" position_y="1488.64771" current_tile_x="15" current_tile_y="76" current_health="150" />
		<entity number="40" type="ranged" faction="vault" position_x="-1789.29895" position_y="1493.854" current_tile_x="17" current_tile_y="74" current_health="150" />
		<entity number="41" type="bighorner" faction="no_faction" position_x="-2564.19995" position_y="1693.96179" current_tile_x="11" current_tile_y="92" current_health="300" />
		<entity number="42" type="braham" faction="no_faction" position_x="-1985.75793" position_y="1698.31555" current_tile_x="21" current_tile_y="84" current_health="150" />
		<entity number="43" type="bighorner" faction="no_faction" position_x="1622.63037" position_y="1808.62207" current_tile_x="80" current_tile_y="31" current_health="300" />
		<entity number="44" type="bighorner" faction="no_faction" position_x="-616.48114" position_y="1900.38293" current_tile_x="48" current_tile_y="69" current_health="300" />
		<entity number="45" type="barrack 1" faction="brotherhood" position_x="3584" position_y="2112" current_tile_x="122" current_tile_y="10" current_health="1000" level="0" level_units_damage="0" level_units_speed="0" />
		<entity number="46" type="melee" faction="brotherhood" position_x="3424" position_y="2176" current_tile_x="120" current_tile_y="14" current_health="200" />
		<entity number="47" type="melee" faction="brotherhood" position_x="3456" position_y="2192" current_tile_x="121" current_tile_y="14" current_health="200" />
		<entity number="48" type="melee" faction="brotherhood" position_x="3488" position_y="2208" current_tile_x="122" current_tile_y="14" current_health="200" />
		<entity number="49" type="melee" faction="brotherhood" position_x="3520" position_y="2224" current_tile_x="123" current_tile_y="14" current_health="200" />
		<entity number="50" type="bighorner" faction="no_faction" position_x="-1027.20068" position_y="2237.7605" current_tile_x="52" current_tile_y="85" current_health="300" />
		<entity number="51" type="melee" faction="brotherhood" position_x="3552" position_y="2240" current_tile_x="124" current_tile_y="14" current_health="200" />
		<entity number="52" type="barrack 2" faction="brotherhood" position_x="3872" position_y="2256" current_tile_x="131" current_tile_y="10" current_health="1000" level="0" level_units_damage="0" level_units_speed="0" />
		<entity number="53" type="ranged" faction="brotherhood" position_x="3665.03833" position_y="2344.91797" current_tile_x="129" current_tile_y="16" current_health="200" />
		<entity number="54" type="ranged" faction="brotherhood" position_x="3726.15918" position_y="2344.91919" current_tile_x="130" current_tile_y="15" current_health="200" />
		<entity number="55" type="base" faction="brotherhood" position_x="4064" position_y="2352" current_tile_x="137" current_tile_y="10" current_health="2000" level="0" level_gatherer_resource_limit="0" level_base_resource_limit="0" />
		<entity number="56" type="ranged" faction="brotherhood" position_x="3774.56006" position_y="2352.71997" current_tile_x="131" current_tile_y="14" current_health="200" />
		<entity number="57" type="ranged" faction="brotherhood" position_x="3790.15942" position_y="2376.91919" current_tile_x="132" current_tile_y="15" current_health="200" />
		<entity number="58" type="ranged" faction="brotherhood" position_x="3840" position_y="2384" current_tile_x="133" current_tile_y="14" current_health="200" />
		<entity number="59" type="melee" faction="brotherhood" position_x="3615.1228" position_y="2385.62744" current_tile_x="130" current_tile_y="18" current_health="200" />
		<entity number="60" type="ranged" faction="brotherhood" position_x="3786.07837" position_y="2405.51831" current_tile_x="133" current_tile_y="16" current_health="200" />
		<entity number="61" type="melee" faction="brotherhood" position_x="3679.19507" position_y="2417.5144" current_tile_x="132" current_tile_y="18" current_health="200" />
		<entity number="62" type="gatherer" resource_collected="80" faction="brotherhood" position_x="3431.59302" position_y="2478.92261" current_tile_x="130" current_tile_y="23" current_health="180" />
		<entity number="63" type="laboratory" faction="brotherhood" position_x="3776" position_y="2528" current_tile_x="138" current_tile_y="20" current_health="1500" level="0" level_units_health="0" level_units_creation_time="0" />
		<entity number="64" type="ranged" faction="brotherhood" position_x="3840" position_y="2640" current_tile_x="141" current_tile_y="22" current_health="200" />
		<entity number="65" type="bighorner" faction="no_faction" position_x="2107.06494" position_y="2717.60498" current_tile_x="116" current_tile_y="52" current_health="300" />
		<entity number="66" type="braham" faction="no_faction" position_x="2694.75073" position_y="2906.07007" current_tile_x="131" current_tile_y="48" current_health="150" />
		<entity number="67" type="bighorner" faction="no_faction" position_x="543.71936" position_y="3148.91797" current_tile_x="105" current_tile_y="89" current_health="300" />
		<entity number="68" type="ranged" faction="vault" position_x="-981.200439" position_y="3560.60181" current_tile_x="94" current_tile_y="126" current_health="150" />
		<entity number="69" type="ranged" faction="vault" position_x="-940.299866" position_y="3560.65039" current_tile_x="95" current_tile_y="125" current_health="150" />
		<entity number="70" type="ranged" faction="vault" position_x="-1030.59985" position_y="3604.69946" current_tile_x="95" current_tile_y="128" current_health="150" />
		<entity number="71" type="braham" faction="no_faction" position_x="-1526.71448" position_y="3640.42432" current_tile_x="88" current_tile_y="137" current_health="150" />
		<entity number="72" type="ranged" faction="vault" position_x="-752.600037" position_y="3617.90283" current_tile_x="100" current_tile_y="124" current_health="150" />
		<entity number="73" type="ranged" faction="vault" position_x="-1070.89905" position_y="3623.0564" current_tile_x="95" current_tile_y="129" current_health="150" />
		<entity number="74" type="ranged" faction="vault" position_x="-1252.59998" position_y="3632.99805" current_tile_x="93" current_tile_y="133" current_health="150" />
		<entity number="75" type="ranged" faction="vault" position_x="-777.299561" position_y="3639.85132" current_tile_x="100" current_tile_y="125" current_health="150" />
		<entity number="76" type="ranged" faction="vault" position_x="-1216.30029" position_y="3648.35254" current_tile_x="94" current_tile_y="133" current_health="150" />
		<entity number="77" type="ranged" faction="vault" position_x="-1029.2998" position_y="3655.35449" current_tile_x="97" current_tile_y="130" current_health="150" />
		<entity number="78" type="ranged" faction="vault" position_x="-1081.40015" position_y="3674.30225" current_tile_x="96" current_tile_y="131" current_health="150" />
		<entity number="79" type="ranged" faction="vault" position_x="-743.600342" position_y="3675.40186" current_tile_x="102" current_tile_y="126" current_health="150" />
		<entity number="80" type="ranged" faction="vault" position_x="-1176.59949" position_y="3688.4021" current_tile_x="95" current_tile_y="133" current_health="150" />
		<entity number="81" type="ranged" faction="vault" position_x="-673.200073" position_y="3694.79932" current_tile_x="103" current_tile_y="126" current_health="150" />
		<entity number="82" type="ranged" faction="vault" position_x="-1004.30023" position_y="3699.45068" current_tile_x="98" current_tile_y="131" current_health="150" />
		<entity number="83" type="ranged" faction="vault" position_x="-1232.00073" position_y="3707.80029" current_tile_x="95" current_tile_y="135" current_health="150" />
		<entity number="84" type="ranged" faction="vault" position_x="-768.199585" position_y="3710.60205" current_tile_x="102" current_tile_y="128" current_health="150" />
		<entity number="85" type="ranged" faction="vault" position_x="-1265.49976" position_y="3723.75293" current_tile_x="95" current_tile_y="136" current_health="150" />
		<entity number="86" type="ranged" faction="vault" position_x="-748.999878" position_y="3725.00244" current_tile_x="103" current_tile_y="128" current_health="150" />
		<entity number="87" type="ranged" faction="vault" position_x="-1110.59985" position_y="3729.59961" current_tile_x="98" current_tile_y="133" current_health="150" />
		<entity number="88" type="ranged" faction="vault" position_x="-688.600586" position_y="3742.80127" current_tile_x="105" current_tile_y="127" current_health="150" />
		<entity number="89" type="ranged" faction="vault" position_x="-795.499756" position_y="3760.05225" current_tile_x="104" current_tile_y="130" current_health="150" />
		<entity number="90" type="ranged" faction="vault" position_x="-1183.00061" position_y="3756.70215" current_tile_x="97" current_tile_y="136" current_health="150" />
		<entity number="91" type="ranged" faction="vault" position_x="-1117.89954" position_y="3759.64624" current_tile_x="99" current_tile_y="134" current_health="150" />
		<entity number="92" type="ranged" faction="vault" position_x="-1065.69995" position_y="3770.84961" current_tile_x="100" current_tile_y="134" current_health="150" />
		<entity number="93" type="ranged" faction="vault" position_x="-910.099609" position_y="3771.95215" current_tile_x="102" current_tile_y="132" current_health="150" />
		<entity number="94" type="ranged" faction="vault" position_x="-811.600281" position_y="3800.20215" current_tile_x="105" current_tile_y="131" current_health="150" />
		<entity number="95" type="ranged" faction="vault" position_x="-629.799988" position_y="3804.59888" current_tile_x="108" current_tile_y="128" current_health="150" />
		<entity number="96" type="ranged" faction="vault" position_x="-1002.89984" position_y="3788.0542" current_tile_x="101" current_tile_y="134" current_health="150" />
		<entity number="97" type="ranged" faction="vault" position_x="-1186.80005" position_y="3796.20044" current_tile_x="99" current_tile_y="137" current_health="150" />
		<entity number="98" type="ranged" faction="vault" position_x="-906.499817" position_y="3804.75317" current_tile_x="103" current_tile_y="133" current_health="150" />
		<entity number="99" type="ranged" faction="vault" position_x="-600.499756" position_y="3825.75024" current_tile_x="109" current_tile_y="128" current_health="150" />
		<entity number="100" type="ranged" faction="vault" position_x="-765.600159" position_y="3814.70044" current_tile_x="106" current_tile_y="131" current_health="150" />
		<entity number="101" type="ranged" faction="vault" position_x="-1121.49854" position_y="3823.65063" current_tile_x="100" current_tile_y="137" current_health="150" />
		<entity number="102" type="ranged" faction="vault" position_x="-1003.7998" position_y="3833.80054" current_tile_x="103" current_tile_y="135" current_health="150" />
		<entity number="103" type="ranged" faction="vault" position_x="-600.39978" position_y="3856.99902" current_tile_x="110" current_tile_y="129" current_health="150" />
		<entity number="104" type="ranged" faction="vault" position_x="-953.900757" position_y="3841.95093" current_tile_x="104" current_tile_y="135" current_health="150" />
		<entity number="105" type="ranged" faction="vault" position_x="-644.999817" position_y="3866.90405" current_tile_x="109" current_tile_y="130" current_health="150" />
		<entity number="106" type="ranged" faction="vault" position_x="-582.000061" position_y="3881.99805" current_tile_x="111" current_tile_y="130" current_health="150" />
		<entity number="107" type="ranged" faction="vault" position_x="-889.100952" position_y="3868.24805" current_tile_x="106" current_tile_y="134" current_health="150" />
		<entity number="108" type="ranged" faction="vault" position_x="-558.699951" position_y="3901.6499" current_tile_x="112" current_tile_y="130" current_health="150" />
		<entity number="109" type="ranged" faction="vault" position_x="-883.000244" position_y="3894.90039" current_tile_x="107" current_tile_y="135" current_health="150" />
		<entity number="110" type="ranged" faction="vault" position_x="-976.999817" position_y="3895.80371" current_tile_x="105" current_tile_y="137" current_health="150" />
		<entity number="111" type="ranged" faction="vault" position_x="-597.800171" position_y="3921.00171" current_tile_x="112" current_tile_y="131" current_health="150" />
		<entity number="112" type="ranged" faction="vault" position_x="-438.299774" position_y="3939.95288" current_tile_x="115" current_tile_y="129" current_health="150" />
		<entity number="113" type="ranged" faction="vault" position_x="-683.100159" position_y="3951.55029" current_tile_x="111" current_tile_y="134" current_health="150" />
		<entity number="114" type="ranged" faction="vault" position_x="-472.999878" position_y="3954.50073" current_tile_x="115" current_tile_y="130" current_health="150" />
		<entity number="115" type="ranged" faction="vault" position_x="-500.399475" position_y="3973.19971" current_tile_x="115" current_tile_y="131" current_health="150" />
		<entity number="116" type="ranged" faction="vault" position_x="-471.000153" position_y="3981.20166" current_tile_x="116" current_tile_y="131" current_health="150" />
		<entity number="117" type="laboratory" faction="vault" position_x="416" position_y="3984" current_tile_x="131" current_tile_y="118" current_health="1500" level="0" level_units_health="0" level_units_creation_time="0" />
		<entity number="118" type="ranged" faction="vault" position_x="-457.299774" position_y="4011.34937" current_tile_x="117" current_tile_y="132" current_health="150" />
		<entity number="119" type="ranged" faction="vault" position_x="-466.200134" position_y="4044.20093" current_tile_x="118" current_tile_y="133" current_health="150" />
		<entity number="120" type="barrack 1" faction="vault" position_x="-480" position_y="4048" current_tile_x="119" current_tile_y="134" current_health="1000" level="0" level_units_damage="0" level_units_speed="0" />
		<entity number="121" type="ranged" faction="vault" position_x="-700.999756" position_y="4087.30029" current_tile_x="115" current_tile_y="138" current_health="150" />
		<entity number="122" type="ranged" faction="vault" position_x="-709.999817" position_y="4119.60107" current_tile_x="116" current_tile_y="139" current_health="150" />
		<entity number="123" type="bighorner" faction="no_faction" position_x="0" position_y="4144" current_tile_x="128" current_tile_y="129" current_health="0" />
		<entity number="124" type="barrack 2" faction="vault" position_x="-224" position_y="4176" current_tile_x="127" current_tile_y="134" current_health="1000" level="0" level_units_damage="0" level_units_speed="0" />
		<entity number="125" type="base" faction="vault" position_x="96" position_y="4208" current_tile_x="133" current_tile_y="130" current_health="2000" level="0" level_gatherer_resource_limit="0" level_base_resource_limit="0" />
		<entity number="126" type="gatherer" resource_collected="0" faction="vault" position_x="644.399292" position_y="4414.2998" current_tile_x="147" current_tile_y="127" current_health="120" />
	</entities>
	<:anonymous />
	<:anonymous />
	<:anonymous />
	<easing_splines />
	<menu_manager />
	<gui />
	<minimap />
	<main_menu />
	<logo_scene />
	<transition />
	<hud>
		<timer seconds="21" minutes="11" />
	</hud>
	<console />
	<cursor />
	<renderer>
		<camera x="1582" y="-3511" />
	</renderer>
</game_state>
