<?xml version="1.0"?>
<game_state>
	<assetsManager />
	<input />
	<window>
		<fullscreen is="false" />
	</window>
	<textures />
	<audio>
		<volume music="0" fx="0.490358114" />
	</audio>
	<:anonymous />
	<AI />
	<map />
	<Player>
		<resource caps="500" food="250" water="500" />
	</Player>
	<pathfinding />
	<fonts />
	<scene>
		<modules map="wasteland_up_left.tmx" />
		<modules map="wasteland_up_right.tmx" />
		<modules map="oldstone_low_left.tmx" />
		<modules map="grassland_low_right.tmx" />
	</scene>
	<entities>
		<entity number="0" type="base" faction="supermutant" position_x="0" position_y="160" current_tile_x="5" current_tile_y="5" current_health="8000" level_gatherer_resource_limit="0" level_base_resource_limit="0" />
		<entity number="1" type="gatherer" faction="supermutant" position_x="64" position_y="304" current_tile_x="9" current_tile_y="8" current_health="120" />
		<entity number="2" type="barrack" faction="supermutant" position_x="320" position_y="320" current_tile_x="15" current_tile_y="5" current_health="6000" level_units_damage="0" level_units_speed="0" />
		<entity number="3" type="braham" faction="no_faction" position_x="-542.319092" position_y="355.062683" current_tile_x="1" current_tile_y="19" current_health="150" />
		<entity number="4" type="laboratory" faction="supermutant" position_x="-384" position_y="384" current_tile_x="6" current_tile_y="18" current_health="7000" level_units_health="0" level_units_creation_time="0" />
		<entity number="5" type="melee" faction="supermutant" position_x="384" position_y="432" current_tile_x="18" current_tile_y="7" current_health="150" />
		<entity number="6" type="barrack" faction="supermutant" position_x="576" position_y="480" current_tile_x="24" current_tile_y="6" current_health="6000" level_units_damage="0" level_units_speed="0" />
		<entity number="7" type="ranged" faction="supermutant" position_x="-288" position_y="512" current_tile_x="10" current_tile_y="20" current_health="150" />
		<entity number="8" type="melee" faction="supermutant" position_x="640" position_y="592" current_tile_x="27" current_tile_y="8" current_health="150" />
		<entity number="9" type="melee" faction="vault" position_x="32" position_y="672" current_tile_x="20" current_tile_y="20" current_health="150" />
		<entity number="10" type="bighorner" faction="no_faction" position_x="451.879852" position_y="785.501099" current_tile_x="30" current_tile_y="17" current_health="300" />
		<entity number="11" type="bighorner" faction="no_faction" position_x="-796.120056" position_y="1377.61548" current_tile_x="29" current_tile_y="55" current_health="300" />
		<entity number="12" type="braham" faction="no_faction" position_x="-990.325195" position_y="1539.06177" current_tile_x="31" current_tile_y="63" current_health="150" />
		<entity number="13" type="bighorner" faction="no_faction" position_x="1987.92297" position_y="1842.13818" current_tile_x="87" current_tile_y="26" current_health="300" />
		<entity number="14" type="bighorner" faction="no_faction" position_x="-2300.10132" position_y="1842.17456" current_tile_x="20" current_tile_y="93" current_health="300" />
		<entity number="15" type="laboratory" faction="ghoul" position_x="-3968" position_y="2080" current_tile_x="3" current_tile_y="127" current_health="7000" level_units_health="0" level_units_creation_time="0" />
		<entity number="16" type="barrack" faction="vault" position_x="3808" position_y="2128" current_tile_x="126" current_tile_y="7" current_health="6000" level_units_damage="0" level_units_speed="0" />
		<entity number="17" type="ranged" faction="ghoul" position_x="-3872" position_y="2176" current_tile_x="6" current_tile_y="128" current_health="100" />
		<entity number="18" type="base" faction="ghoul" position_x="-4128" position_y="2192" current_tile_x="4" current_tile_y="133" current_health="8000" level_gatherer_resource_limit="0" level_base_resource_limit="0" />
		<entity number="19" type="barrack" faction="vault" position_x="4064" position_y="2256" current_tile_x="134" current_tile_y="7" current_health="6000" level_units_damage="0" level_units_speed="0" />
		<entity number="20" type="melee" faction="vault" position_x="3840" position_y="2288" current_tile_x="130" current_tile_y="11" current_health="150" />
		<entity number="21" type="base" faction="vault" position_x="4192" position_y="2320" current_tile_x="138" current_tile_y="7" current_health="8000" level_gatherer_resource_limit="0" level_base_resource_limit="0" />
		<entity number="22" type="gatherer" faction="ghoul" position_x="-4064" position_y="2336" current_tile_x="8" current_tile_y="136" current_health="90" />
		<entity number="23" type="barrack" faction="ghoul" position_x="-3904" position_y="2400" current_tile_x="14" current_tile_y="136" current_health="6000" level_units_damage="0" level_units_speed="0" />
		<entity number="24" type="melee" faction="vault" position_x="4096" position_y="2416" current_tile_x="138" current_tile_y="11" current_health="150" />
		<entity number="25" type="braham" faction="no_faction" position_x="705.671204" position_y="2419.0564" current_tile_x="85" current_tile_y="64" current_health="150" />
		<entity number="26" type="melee" faction="vault" position_x="3552" position_y="2432" current_tile_x="130" current_tile_y="20" current_health="150" />
		<entity number="27" type="melee" faction="vault" position_x="-3488" position_y="2432" current_tile_x="20" current_tile_y="130" current_health="150" />
		<entity number="28" type="bighorner" faction="no_faction" position_x="-540.520081" position_y="2462.2749" current_tile_x="67" current_tile_y="85" current_health="300" />
		<entity number="29" type="laboratory" faction="vault" position_x="3840" position_y="2496" current_tile_x="138" current_tile_y="18" current_health="7000" level_units_health="0" level_units_creation_time="0" />
		<entity number="30" type="gatherer" faction="vault" position_x="4256" position_y="2496" current_tile_x="143" current_tile_y="11" current_health="120" />
		<entity number="31" type="melee" faction="ghoul" position_x="-3840" position_y="2512" current_tile_x="17" current_tile_y="138" current_health="100" />
		<entity number="32" type="barrack" faction="ghoul" position_x="-3648" position_y="2528" current_tile_x="22" current_tile_y="136" current_health="6000" level_units_damage="0" level_units_speed="0" />
		<entity number="33" type="melee" faction="ghoul" position_x="-3584" position_y="2640" current_tile_x="25" current_tile_y="138" current_health="100" />
		<entity number="34" type="braham" faction="no_faction" position_x="1825.65503" position_y="2659.0564" current_tile_x="110" current_tile_y="54" current_health="150" />
		<entity number="35" type="ranged" faction="vault" position_x="3904" position_y="2704" current_tile_x="144" current_tile_y="23" current_health="150" />
		<entity number="36" type="braham" faction="no_faction" position_x="-2846.32422" position_y="2755.0564" current_tile_x="40" current_tile_y="130" current_health="150" />
		<entity number="37" type="bighorner" faction="no_faction" position_x="2467.93359" position_y="2850.1875" current_tile_x="126" current_tile_y="50" current_health="300" />
		<entity number="38" type="bighorner" faction="no_faction" position_x="-956.120117" position_y="2929.50732" current_tile_x="75" current_tile_y="106" current_health="300" />
		<entity number="39" type="bighorner" faction="no_faction" position_x="1123.85425" position_y="3329.50732" current_tile_x="120" current_tile_y="86" current_health="300" />
		<entity number="40" type="melee" faction="brotherhood" position_x="-2142.16553" position_y="3429.87085" current_tile_x="72" current_tile_y="140" current_health="200" />
		<entity number="41" type="braham" faction="no_faction" position_x="-94.3254166" position_y="3458.86597" current_tile_x="105" current_tile_y="109" current_health="150" />
		<entity number="42" type="melee" faction="vault" position_x="672" position_y="3872" current_tile_x="130" current_tile_y="110" current_health="150" />
		<entity number="43" type="barrack" faction="brotherhood" position_x="-576" position_y="4032" current_tile_x="117" current_tile_y="135" current_health="6000" level_units_damage="0" level_units_speed="0" />
		<entity number="44" type="laboratory" faction="brotherhood" position_x="448" position_y="4032" current_tile_x="133" current_tile_y="119" current_health="7000" level_units_health="0" level_units_creation_time="0" />
		<entity number="45" type="ranged" faction="brotherhood" position_x="512" position_y="4144" current_tile_x="136" current_tile_y="121" current_health="200" />
		<entity number="46" type="barrack" faction="brotherhood" position_x="-320" position_y="4160" current_tile_x="125" current_tile_y="135" current_health="6000" level_units_damage="0" level_units_speed="0" />
		<entity number="47" type="melee" faction="brotherhood" position_x="-288" position_y="4256" current_tile_x="127" current_tile_y="137" current_health="200" />
		<entity number="48" type="base" faction="brotherhood" position_x="0" position_y="4256" current_tile_x="133" current_tile_y="133" current_health="8000" level_gatherer_resource_limit="0" level_base_resource_limit="0" />
		<entity number="49" type="gatherer" faction="brotherhood" position_x="64" position_y="4400" current_tile_x="137" current_tile_y="136" current_health="180" />
		<entity number="50" type="braham" faction="no_faction" position_x="129.680237" position_y="4403.06543" current_tile_x="138" current_tile_y="135" current_health="150" />
		<player player_faction="brotherhood" />
	</entities>
	<:anonymous />
	<:anonymous />
	<:anonymous />
	<easing_splines />
	<menu_manager />
	<gui />
	<minimap />
	<console />
	<main_menu />
	<logo_scene />
	<transition />
	<hud>
		<timer seconds="27" minutes="14" />
	</hud>
	<renderer>
		<camera x="2671" y="-3060" />
	</renderer>
</game_state>
