<?xml version="1.0"?>
<game_state>
	<assetsManager />
	<input />
	<window>
		<fullscreen is="false" />
	</window>
	<textures />
	<audio>
		<volume music="0" fx="0" />
	</audio>
	<:anonymous />
	<AI />
	<map />
	<Player>
		<resource caps="500" food="250" water="500" />
	</Player>
	<pathfinding />
	<fonts />
	<scene>
		<modules map="wasteland_up_left.tmx" />
		<modules map="oldstone_up_right.tmx" />
		<modules map="desert_low_left.tmx" />
		<modules map="desert_low_right.tmx" />
	</scene>
	<entities>
		<entity number="0" type="base" faction="vault" position_x="0" position_y="160" current_tile_x="5" current_tile_y="5" current_health="2000" level_gatherer_resource_limit="0" level_base_resource_limit="0" />
		<entity number="1" type="braham" faction="no_faction" position_x="252.975189" position_y="317.83725" current_tile_x="12" current_tile_y="5" current_health="150" />
		<entity number="2" type="barrack" faction="vault" position_x="320" position_y="320" current_tile_x="15" current_tile_y="5" current_health="1000" level_units_damage="0" level_units_speed="0" />
		<entity number="3" type="laboratory" faction="vault" position_x="-384" position_y="384" current_tile_x="6" current_tile_y="18" current_health="1500" level_units_health="0" level_units_creation_time="0" />
		<entity number="4" type="barrack" faction="vault" position_x="576" position_y="480" current_tile_x="24" current_tile_y="6" current_health="1000" level_units_damage="0" level_units_speed="0" />
		<entity number="5" type="melee" faction="vault" position_x="352" position_y="480" current_tile_x="19" current_tile_y="9" current_health="150" />
		<entity number="6" type="ranged" faction="vault" position_x="320" position_y="496" current_tile_x="19" current_tile_y="10" current_health="150" />
		<entity number="7" type="ranged" faction="vault" position_x="-320" position_y="592" current_tile_x="12" current_tile_y="23" current_health="150" />
		<entity number="8" type="melee" faction="vault" position_x="608" position_y="640" current_tile_x="28" current_tile_y="10" current_health="150" />
		<entity number="9" type="melee" faction="vault" position_x="32" position_y="672" current_tile_x="20" current_tile_y="20" current_health="150" />
		<entity number="10" type="gatherer" faction="vault" position_x="860.300964" position_y="674.245911" current_tile_x="33" current_tile_y="7" current_health="120" />
		<entity number="11" type="bighorner" faction="no_faction" position_x="1002.20032" position_y="787.30188" current_tile_x="39" current_tile_y="8" current_health="300" />
		<entity number="12" type="bighorner" faction="no_faction" position_x="127.119682" position_y="1316.68359" current_tile_x="42" current_tile_y="39" current_health="300" />
		<entity number="13" type="braham" faction="no_faction" position_x="-2078.41064" position_y="1394" current_tile_x="10" current_tile_y="76" current_health="150" />
		<entity number="14" type="braham" faction="no_faction" position_x="-195.454117" position_y="1501.7998" current_tile_x="42" current_tile_y="49" current_health="150" />
		<entity number="15" type="bighorner" faction="no_faction" position_x="-1665.51208" position_y="1765.00354" current_tile_x="28" current_tile_y="81" current_health="300" />
		<entity number="16" type="bighorner" faction="no_faction" position_x="-1312.8147" position_y="2037.21716" current_tile_x="42" current_tile_y="84" current_health="300" />
		<entity number="17" type="laboratory" faction="supermutant" position_x="-3936" position_y="2064" current_tile_x="3" current_tile_y="126" current_health="1500" level_units_health="0" level_units_creation_time="0" />
		<entity number="18" type="barrack" faction="brotherhood" position_x="3680" position_y="2128" current_tile_x="124" current_tile_y="9" current_health="1000" level_units_damage="0" level_units_speed="0" />
		<entity number="19" type="ranged" faction="supermutant" position_x="-3840" position_y="2192" current_tile_x="7" current_tile_y="128" current_health="150" />
		<entity number="20" type="melee" faction="brotherhood" position_x="3712" position_y="2224" current_tile_x="126" current_tile_y="11" current_health="200" />
		<entity number="21" type="base" faction="supermutant" position_x="-4128" position_y="2256" current_tile_x="6" current_tile_y="135" current_health="2000" level_gatherer_resource_limit="0" level_base_resource_limit="0" />
		<entity number="22" type="barrack" faction="brotherhood" position_x="3968" position_y="2272" current_tile_x="133" current_tile_y="9" current_health="1000" level_units_damage="0" level_units_speed="0" />
		<entity number="23" type="base" faction="brotherhood" position_x="4096" position_y="2336" current_tile_x="137" current_tile_y="9" current_health="2000" level_gatherer_resource_limit="0" level_base_resource_limit="0" />
		<entity number="24" type="melee" faction="brotherhood" position_x="4000" position_y="2368" current_tile_x="135" current_tile_y="11" current_health="200" />
		<entity number="25" type="ranged" faction="brotherhood" position_x="3968" position_y="2384" current_tile_x="135" current_tile_y="12" current_health="200" />
		<entity number="26" type="gatherer" faction="supermutant" position_x="-4064" position_y="2400" current_tile_x="10" current_tile_y="138" current_health="120" />
		<entity number="27" type="melee" faction="vault" position_x="3552" position_y="2432" current_tile_x="130" current_tile_y="20" current_health="150" />
		<entity number="28" type="melee" faction="vault" position_x="-3521.00049" position_y="2466.90283" current_tile_x="21" current_tile_y="132" current_health="110" />
		<entity number="29" type="barrack" faction="supermutant" position_x="-3808" position_y="2480" current_tile_x="18" current_tile_y="137" current_health="1000" level_units_damage="0" level_units_speed="0" />
		<entity number="30" type="melee" faction="supermutant" position_x="-3538.38965" position_y="2489.21313" current_tile_x="21" current_tile_y="133" current_health="120" />
		<entity number="31" type="braham" faction="no_faction" position_x="-2532.29028" position_y="2515.24121" current_tile_x="38" current_tile_y="118" current_health="150" />
		<entity number="32" type="laboratory" faction="brotherhood" position_x="3712" position_y="2528" current_tile_x="137" current_tile_y="21" current_health="1500" level_units_health="0" level_units_creation_time="0" />
		<entity number="33" type="barrack" faction="supermutant" position_x="-3520" position_y="2624" current_tile_x="27" current_tile_y="137" current_health="1000" level_units_damage="0" level_units_speed="0" />
		<entity number="34" type="ranged" faction="brotherhood" position_x="3776" position_y="2640" current_tile_x="140" current_tile_y="23" current_health="200" />
		<entity number="35" type="gatherer" faction="brotherhood" position_x="3738.38818" position_y="2689.41406" current_tile_x="141" current_tile_y="25" current_health="180" />
		<entity number="36" type="bighorner" faction="no_faction" position_x="2014.58533" position_y="2678.22607" current_tile_x="114" current_tile_y="52" current_health="300" />
		<entity number="37" type="braham" faction="no_faction" position_x="3067.73486" position_y="2691.27856" current_tile_x="131" current_tile_y="36" current_health="150" />
		<entity number="38" type="melee" faction="supermutant" position_x="-3456" position_y="2736" current_tile_x="30" current_tile_y="139" current_health="150" />
		<entity number="39" type="bighorner" faction="no_faction" position_x="-66.1997375" position_y="2853.89331" current_tile_x="87" current_tile_y="90" current_health="300" />
		<entity number="40" type="braham" faction="no_faction" position_x="123.723885" position_y="3491.24121" current_tile_x="110" current_tile_y="107" current_health="150" />
		<entity number="41" type="bighorner" faction="no_faction" position_x="510.160828" position_y="3590.1311" current_tile_x="119" current_tile_y="104" current_health="300" />
		<entity number="42" type="braham" faction="no_faction" position_x="1915.78894" position_y="3846.63892" current_tile_x="149" current_tile_y="90" current_health="150" />
		<entity number="43" type="melee" faction="vault" position_x="672" position_y="3872" current_tile_x="130" current_tile_y="110" current_health="150" />
		<entity number="44" type="gatherer" faction="ghoul" position_x="-757.760071" position_y="3934.07813" current_tile_x="110" current_tile_y="134" current_health="90" />
		<entity number="45" type="barrack" faction="ghoul" position_x="-480" position_y="4080" current_tile_x="120" current_tile_y="135" current_health="1000" level_units_damage="0" level_units_speed="0" />
		<entity number="46" type="laboratory" faction="ghoul" position_x="448" position_y="4096" current_tile_x="135" current_tile_y="121" current_health="1500" level_units_health="0" level_units_creation_time="0" />
		<entity number="47" type="melee" faction="ghoul" position_x="-416" position_y="4192" current_tile_x="123" current_tile_y="137" current_health="100" />
		<entity number="48" type="ranged" faction="ghoul" position_x="544" position_y="4192" current_tile_x="138" current_tile_y="122" current_health="100" />
		<entity number="49" type="barrack" faction="ghoul" position_x="-224" position_y="4208" current_tile_x="128" current_tile_y="135" current_health="1000" level_units_damage="0" level_units_speed="0" />
		<entity number="50" type="base" faction="ghoul" position_x="128" position_y="4256" current_tile_x="135" current_tile_y="131" current_health="2000" level_gatherer_resource_limit="0" level_base_resource_limit="0" />
		<entity number="51" type="melee" faction="ghoul" position_x="-160" position_y="4320" current_tile_x="131" current_tile_y="137" current_health="100" />
		<entity number="52" type="ranged" faction="ghoul" position_x="-192" position_y="4336" current_tile_x="131" current_tile_y="138" current_health="100" />
		<player player_faction="supermutant" />
	</entities>
	<:anonymous />
	<:anonymous />
	<:anonymous />
	<easing_splines />
	<menu_manager />
	<gui />
	<minimap />
	<main_menu />
	<logo_scene />
	<transition />
	<hud>
		<timer seconds="18" minutes="14" />
	</hud>
	<cursor />
	<renderer>
		<camera x="4144" y="-2094" />
	</renderer>
</game_state>
