<?xml version="1.0"?>
<game_state>
	<assetsManager />
	<input />
	<window>
		<fullscreen is="false" />
	</window>
	<textures />
	<audio>
		<volume music="0" fx="0" />
	</audio>
	<:anonymous />
	<AI />
	<map />
	<Player>
		<resource caps="500" food="250" water="500" />
	</Player>
	<pathfinding />
	<fonts />
	<scene>
		<modules map="grassland_up_left.tmx" />
		<randomfaction value="3" />
		<modules map="desert_up_right.tmx" />
		<randomfaction value="2" />
		<modules map="wasteland_low_left.tmx" />
		<randomfaction value="0" />
		<modules map="wasteland_low_right.tmx" />
		<randomfaction value="1" />
	</scene>
	<entities>
		<player player_faction="vault" />
		<entity number="0" type="base" faction="brotherhood" position_x="32" position_y="144" current_tile_x="5" current_tile_y="4" current_health="2000" level="0" level_gatherer_resource_limit="0" level_base_resource_limit="0" />
		<entity number="1" type="barrack 1" faction="brotherhood" position_x="352" position_y="304" current_tile_x="15" current_tile_y="4" current_health="1000" level="0" level_units_damage="0" level_units_speed="0" />
		<entity number="2" type="laboratory" faction="brotherhood" position_x="-416" position_y="336" current_tile_x="4" current_tile_y="17" current_health="1500" level="0" level_units_health="0" level_units_creation_time="0" />
		<entity number="3" type="melee" faction="brotherhood" position_x="192" position_y="368" current_tile_x="13" current_tile_y="8" current_health="200" />
		<entity number="4" type="melee" faction="brotherhood" position_x="224" position_y="384" current_tile_x="14" current_tile_y="8" current_health="200" />
		<entity number="5" type="melee" faction="brotherhood" position_x="384" position_y="400" current_tile_x="17" current_tile_y="6" current_health="200" />
		<entity number="6" type="melee" faction="brotherhood" position_x="256" position_y="400" current_tile_x="15" current_tile_y="8" current_health="200" />
		<entity number="7" type="melee" faction="brotherhood" position_x="288" position_y="416" current_tile_x="16" current_tile_y="8" current_health="200" />
		<entity number="8" type="melee" faction="brotherhood" position_x="320" position_y="432" current_tile_x="17" current_tile_y="8" current_health="200" />
		<entity number="9" type="ranged" faction="brotherhood" position_x="-352" position_y="448" current_tile_x="7" current_tile_y="19" current_health="200" />
		<entity number="10" type="barrack 2" faction="brotherhood" position_x="608" position_y="464" current_tile_x="24" current_tile_y="5" current_health="1000" level="0" level_units_damage="0" level_units_speed="0" />
		<entity number="11" type="ranged" faction="brotherhood" position_x="416" position_y="512" current_tile_x="21" current_tile_y="9" current_health="200" />
		<entity number="12" type="ranged" faction="brotherhood" position_x="448" position_y="528" current_tile_x="22" current_tile_y="9" current_health="200" />
		<entity number="13" type="ranged" faction="brotherhood" position_x="480" position_y="544" current_tile_x="23" current_tile_y="9" current_health="200" />
		<entity number="14" type="melee" faction="brotherhood" position_x="640" position_y="560" current_tile_x="26" current_tile_y="7" current_health="200" />
		<entity number="15" type="ranged" faction="brotherhood" position_x="512" position_y="560" current_tile_x="24" current_tile_y="9" current_health="200" />
		<entity number="16" type="ranged" faction="brotherhood" position_x="576" position_y="592" current_tile_x="26" current_tile_y="9" current_health="200" />
		<entity number="17" type="gatherer" resource_collected="80" faction="brotherhood" position_x="835.919128" position_y="641.559753" current_tile_x="32" current_tile_y="6" current_health="180" />
		<entity number="18" type="melee" faction="vault" position_x="32" position_y="672" current_tile_x="20" current_tile_y="20" current_health="175" />
		<entity number="19" type="melee" faction="vault" position_x="64" position_y="688" current_tile_x="21" current_tile_y="20" current_health="175" />
		<entity number="20" type="ranged" faction="vault" position_x="0" position_y="688" current_tile_x="20" current_tile_y="21" current_health="175" />
		<entity number="21" type="ranged" faction="vault" position_x="32" position_y="704" current_tile_x="21" current_tile_y="21" current_health="175" />
		<entity number="22" type="braham" faction="no_faction" position_x="544" position_y="1248" current_tile_x="46" current_tile_y="30" current_health="150" />
		<entity number="23" type="braham" faction="no_faction" position_x="-896" position_y="1616" current_tile_x="35" current_tile_y="64" current_health="150" />
		<entity number="24" type="bighorner" faction="no_faction" position_x="1888" position_y="1664" current_tile_x="80" current_tile_y="22" current_health="300" />
		<entity number="25" type="gatherer" resource_collected="60" faction="supermutant" position_x="-3600.91968" position_y="2021.05847" current_tile_x="5" current_tile_y="119" current_health="120" />
		<entity number="26" type="laboratory" faction="supermutant" position_x="-3936" position_y="2064" current_tile_x="3" current_tile_y="126" current_health="1500" level="0" level_units_health="0" level_units_creation_time="0" />
		<entity number="27" type="barrack 1" faction="ghoul" position_x="3584" position_y="2112" current_tile_x="122" current_tile_y="10" current_health="1000" level="0" level_units_damage="0" level_units_speed="0" />
		<entity number="28" type="melee" faction="ghoul" position_x="3392" position_y="2160" current_tile_x="119" current_tile_y="14" current_health="100" />
		<entity number="29" type="melee" faction="ghoul" position_x="3424" position_y="2176" current_tile_x="120" current_tile_y="14" current_health="100" />
		<entity number="30" type="ranged" faction="supermutant" position_x="-3840" position_y="2192" current_tile_x="7" current_tile_y="128" current_health="150" />
		<entity number="31" type="melee" faction="ghoul" position_x="3456" position_y="2192" current_tile_x="121" current_tile_y="14" current_health="100" />
		<entity number="32" type="melee" faction="ghoul" position_x="3488" position_y="2208" current_tile_x="122" current_tile_y="14" current_health="100" />
		<entity number="33" type="melee" faction="ghoul" position_x="3648" position_y="2224" current_tile_x="125" current_tile_y="12" current_health="100" />
		<entity number="34" type="melee" faction="ghoul" position_x="3520" position_y="2224" current_tile_x="123" current_tile_y="14" current_health="100" />
		<entity number="35" type="base" faction="supermutant" position_x="-4160" position_y="2240" current_tile_x="5" current_tile_y="135" current_health="2000" level="0" level_gatherer_resource_limit="0" level_base_resource_limit="0" />
		<entity number="36" type="melee" faction="ghoul" position_x="3552" position_y="2240" current_tile_x="124" current_tile_y="14" current_health="100" />
		<entity number="37" type="barrack 2" faction="ghoul" position_x="3872" position_y="2256" current_tile_x="131" current_tile_y="10" current_health="1000" level="0" level_units_damage="0" level_units_speed="0" />
		<entity number="38" type="bighorner" faction="no_faction" position_x="-1056" position_y="2304" current_tile_x="54" current_tile_y="88" current_health="300" />
		<entity number="39" type="ranged" faction="ghoul" position_x="3680" position_y="2304" current_tile_x="128" current_tile_y="14" current_health="100" />
		<entity number="40" type="ranged" faction="ghoul" position_x="3712" position_y="2320" current_tile_x="129" current_tile_y="14" current_health="100" />
		<entity number="41" type="ranged" faction="ghoul" position_x="3744" position_y="2336" current_tile_x="130" current_tile_y="14" current_health="100" />
		<entity number="42" type="base" faction="ghoul" position_x="4064" position_y="2352" current_tile_x="137" current_tile_y="10" current_health="2000" level="0" level_gatherer_resource_limit="0" level_base_resource_limit="0" />
		<entity number="43" type="ranged" faction="ghoul" position_x="3776" position_y="2352" current_tile_x="131" current_tile_y="14" current_health="100" />
		<entity number="44" type="melee" faction="ghoul" position_x="3936" position_y="2368" current_tile_x="134" current_tile_y="12" current_health="100" />
		<entity number="45" type="ranged" faction="ghoul" position_x="3808" position_y="2368" current_tile_x="132" current_tile_y="14" current_health="100" />
		<entity number="46" type="melee" faction="vault" position_x="3456" position_y="2384" current_tile_x="127" current_tile_y="20" current_health="175" />
		<entity number="47" type="ranged" faction="ghoul" position_x="3840" position_y="2384" current_tile_x="133" current_tile_y="14" current_health="100" />
		<entity number="48" type="gatherer" resource_collected="50" faction="ghoul" position_x="3941.59863" position_y="2416.73242" current_tile_x="136" current_tile_y="13" current_health="90" />
		<entity number="49" type="barrack 2" faction="supermutant" position_x="-3904" position_y="2432" current_tile_x="15" current_tile_y="137" current_health="1000" level="0" level_units_damage="0" level_units_speed="0" />
		<entity number="50" type="melee" faction="vault" position_x="-3488" position_y="2432" current_tile_x="20" current_tile_y="130" current_health="175" />
		<entity number="51" type="ranged" faction="vault" position_x="3488" position_y="2432" current_tile_x="129" current_tile_y="21" current_health="175" />
		<entity number="52" type="melee" faction="vault" position_x="3584" position_y="2448" current_tile_x="131" current_tile_y="20" current_health="175" />
		<entity number="53" type="melee" faction="vault" position_x="-3456" position_y="2448" current_tile_x="21" current_tile_y="130" current_health="175" />
		<entity number="54" type="ranged" faction="vault" position_x="-3520" position_y="2448" current_tile_x="20" current_tile_y="131" current_health="175" />
		<entity number="55" type="ranged" faction="vault" position_x="3552" position_y="2464" current_tile_x="131" current_tile_y="21" current_health="175" />
		<entity number="56" type="ranged" faction="vault" position_x="-3488" position_y="2464" current_tile_x="21" current_tile_y="131" current_health="175" />
		<entity number="57" type="ranged" faction="supermutant" position_x="-4064" position_y="2496" current_tile_x="13" current_tile_y="141" current_health="150" />
		<entity number="58" type="ranged" faction="supermutant" position_x="-4032" position_y="2512" current_tile_x="14" current_tile_y="141" current_health="150" />
		<entity number="59" type="laboratory" faction="ghoul" position_x="3776" position_y="2528" current_tile_x="138" current_tile_y="20" current_health="1500" level="0" level_units_health="0" level_units_creation_time="0" />
		<entity number="60" type="ranged" faction="supermutant" position_x="-4000" position_y="2528" current_tile_x="15" current_tile_y="141" current_health="150" />
		<entity number="61" type="melee" faction="supermutant" position_x="-3840" position_y="2544" current_tile_x="18" current_tile_y="139" current_health="150" />
		<entity number="62" type="ranged" faction="supermutant" position_x="-3968" position_y="2544" current_tile_x="16" current_tile_y="141" current_health="150" />
		<entity number="63" type="ranged" faction="supermutant" position_x="-3936" position_y="2560" current_tile_x="17" current_tile_y="141" current_health="150" />
		<entity number="64" type="barrack 1" faction="supermutant" position_x="-3680" position_y="2576" current_tile_x="23" current_tile_y="138" current_health="1000" level="0" level_units_damage="0" level_units_speed="0" />
		<entity number="65" type="ranged" faction="ghoul" position_x="3872" position_y="2624" current_tile_x="141" current_tile_y="21" current_health="100" />
		<entity number="66" type="melee" faction="supermutant" position_x="-3808" position_y="2656" current_tile_x="22" current_tile_y="142" current_health="150" />
		<entity number="67" type="melee" faction="supermutant" position_x="-3776" position_y="2672" current_tile_x="23" current_tile_y="142" current_health="150" />
		<entity number="68" type="melee" faction="supermutant" position_x="-3616" position_y="2688" current_tile_x="26" current_tile_y="140" current_health="150" />
		<entity number="69" type="melee" faction="supermutant" position_x="-3744" position_y="2688" current_tile_x="24" current_tile_y="142" current_health="150" />
		<entity number="70" type="melee" faction="supermutant" position_x="-3712" position_y="2704" current_tile_x="25" current_tile_y="142" current_health="150" />
		<entity number="71" type="bighorner" faction="no_faction" position_x="800" position_y="3008" current_tile_x="105" current_tile_y="81" current_health="300" />
		<entity number="72" type="braham" faction="no_faction" position_x="2912" position_y="3136" current_tile_x="142" current_tile_y="52" current_health="150" />
		<entity number="73" type="melee" faction="vault" position_x="672" position_y="3872" current_tile_x="130" current_tile_y="110" current_health="175" />
		<entity number="74" type="melee" faction="vault" position_x="704" position_y="3888" current_tile_x="131" current_tile_y="110" current_health="175" />
		<entity number="75" type="ranged" faction="vault" position_x="640" position_y="3888" current_tile_x="130" current_tile_y="111" current_health="175" />
		<entity number="76" type="ranged" faction="vault" position_x="672" position_y="3904" current_tile_x="131" current_tile_y="111" current_health="175" />
		<entity number="77" type="laboratory" faction="vault" position_x="416" position_y="3984" current_tile_x="131" current_tile_y="118" current_health="1500" level="1" level_units_health="1" level_units_creation_time="1" />
		<entity number="78" type="barrack 1" faction="vault" position_x="-480" position_y="4048" current_tile_x="119" current_tile_y="134" current_health="1000" level="1" level_units_damage="1" level_units_speed="1" />
		<entity number="79" type="gatherer" resource_collected="0" faction="vault" position_x="-740.221252" position_y="4079.59521" current_tile_x="114" current_tile_y="139" current_health="120" />
		<entity number="80" type="bighorner" faction="no_faction" position_x="0" position_y="4144" current_tile_x="128" current_tile_y="129" current_health="300" />
		<entity number="81" type="barrack 2" faction="vault" position_x="-224" position_y="4176" current_tile_x="127" current_tile_y="134" current_health="1000" level="1" level_units_damage="1" level_units_speed="1" />
		<entity number="82" type="ranged" faction="vault" position_x="480" position_y="4192" current_tile_x="137" current_tile_y="123" current_health="175" />
		<entity number="83" type="base" faction="vault" position_x="96" position_y="4208" current_tile_x="133" current_tile_y="130" current_health="2000" level="1" level_gatherer_resource_limit="1" level_base_resource_limit="1" />
		<entity number="84" type="melee" faction="vault" position_x="-448" position_y="4208" current_tile_x="123" current_tile_y="138" current_health="175" />
		<entity number="85" type="melee" faction="vault" position_x="-192" position_y="4336" current_tile_x="131" current_tile_y="138" current_health="175" />
	</entities>
	<:anonymous />
	<:anonymous />
	<:anonymous />
	<easing_splines />
	<menu_manager />
	<gui />
	<minimap />
	<main_menu />
	<logo_scene />
	<transition />
	<hud>
		<timer seconds="44" minutes="14" />
	</hud>
	<console />
	<cursor />
	<renderer>
		<camera x="519" y="-3852" />
	</renderer>
</game_state>
